{
  "place": {
    "8": "大村",
    "13": "徳山",
    "2": "下関",
    "4": "住之江",
    "11": "常滑",
    "10": "尼崎",
    "20": "若松",
    "21": "蒲郡",
    "19": "芦屋",
    "5": "児島",
    "3": "丸亀",
    "17": "津",
    "9": "宮島",
    "7": "多摩川",
    "0": "びわこ",
    "1": "三国",
    "6": "唐津",
    "18": "浜名湖",
    "15": "桐生",
    "22": "鳴門",
    "16": "江戸川",
    "14": "戸田",
    "12": "平和島"
  },
  "total": {
    "8": 1709,
    "13": 1492,
    "2": 1482,
    "4": 1470,
    "11": 1747,
    "10": 1494,
    "20": 1503,
    "21": 1622,
    "19": 991,
    "5": 1408,
    "3": 1757,
    "17": 1750,
    "9": 1603,
    "7": 1630,
    "0": 1532,
    "1": 1530,
    "6": 1352,
    "18": 1533,
    "15": 1647,
    "22": 1595,
    "16": 1486,
    "14": 1439,
    "12": 1361
  },
  "win": {
    "8": 1069,
    "13": 922,
    "2": 915,
    "4": 894,
    "11": 1039,
    "10": 886,
    "20": 885,
    "21": 954,
    "19": 577,
    "5": 817,
    "3": 1010,
    "17": 1005,
    "9": 870,
    "7": 873,
    "0": 812,
    "1": 804,
    "6": 710,
    "18": 805,
    "15": 839,
    "22": 774,
    "16": 717,
    "14": 661,
    "12": 614
  },
  "win_rate": {
    "8": 62.55119953188999,
    "13": 61.79624664879356,
    "2": 61.74089068825911,
    "4": 60.816326530612244,
    "11": 59.4733829421866,
    "10": 59.303882195448466,
    "20": 58.88223552894212,
    "21": 58.816276202219484,
    "19": 58.224016145307765,
    "5": 58.02556818181818,
    "3": 57.48434832100171,
    "17": 57.42857142857143,
    "9": 54.27323767935122,
    "7": 53.558282208588956,
    "0": 53.00261096605744,
    "1": 52.54901960784314,
    "6": 52.51479289940828,
    "18": 52.51141552511416,
    "15": 50.9411050394657,
    "22": 48.52664576802508,
    "16": 48.25033647375505,
    "14": 45.93467685892981,
    "12": 45.11388684790595
  }
}